{
  "asignatura": [
    {
      "id": "1",
      "nombre": "Arquitectura de Sofware",
      "profesor": "Cristian Lazcano",
      "horario": "Lunes 8:01 - 10:00"
    },
    {
      "id": "2",
      "nombre": "Estadistica Descriptiva",
      "profesor": "Carla Manziya",
      "horario": "Martes 10:01 - 12:00"
    },
    {
      "id": "3",
      "nombre": "Etica Profecional",
      "profesor": "Divia Alarcon",
      "horario": "Martes 12:01 - 14:00"
    },
    {
      "id": "4",
      "nombre": "Programacion de Aplicaciones Moviles",
      "profesor": "Viviana Poblete",
      "horario": "Lunes 12:01 - 15:00"
    },
    {
      "id": "8a1a",
      "nombre": "",
      "profesor": "",
      "horario": ""
    }
  ],
  "usuarios": [
    {
      "id": "1",
      "username": "usuario1",
      "rut": "22.222.333-8",
      "nombre": "jose",
      "apellido": "lopez",
      "password": "maipu1234",
      "email": "usuario1@duoc.cl",
      "isactive": "true"
    },
    {
      "id": "2",
      "username": "usuario2",
      "rut": "22.222.333-8",
      "nombre": "ana",
      "apellido": "lopez",
      "password": "maipu1234",
      "email": "usuario2@duoc.cl",
      "isactive": "true"
    },
    {
      "id": "9479",
      "username": "itho1404",
      "rut": "20059232-8",
      "nombre": "itho",
      "apellido": "ayashi",
      "email": "itho@gmail.com",
      "password": "Itho1404",
      "isactive": true
    },
    {
      "id": "e46e",
      "username": "hi.hayashi",
      "rut": "20059232-8",
      "nombre": "itho",
      "apellido": "ayashi",
      "email": "hi.hayshi@gmail.com",
      "password": "Itho1404",
      "isactive": true
    },
    {
      "id": "1959",
      "username": "Itho13",
      "rut": "20059232-8",
      "nombre": "itho",
      "apellido": "ayashi",
      "email": "itho@gmail.com",
      "password": "Itho1404",
      "isactive": true
    },
    {
      "id": "d4c3",
      "username": "Xin1404",
      "rut": "20059232-8",
      "nombre": "Xin",
      "apellido": "Itho",
      "email": "Xin@gmail.com",
      "password": "Itho1404",
      "isactive": true
    }
  ],
  "alumnos": [
    {
      "id": 1,
      "alumno": "Nombre del Alumno",
      "rut": "12345678-9",
      "asignatura": "Arquitectura de Software",
      "profesor": "Cristian Lazcano",
      "justificativo": "Descripción del justificativo",
      "comentarios": ""
    },
    {
      "id": 2,
      "alumno": "Otro Alumno",
      "rut": "98765432-1",
      "asignatura": "Estadística Descriptiva",
      "profesor": "Carla Manziya",
      "justificativo": "Otro justificativo",
      "comentarios": ""
    }
  ],
  "asignaturas": [
    {
      "id": 1,
      "nombre": "Arquitectura de Software",
      "justificaciones": [
        {
          "usuario": "profesor@ejemplo.com",
          "alumno": "juanperez",
          "justificativo": "No pude asistir por problemas de salud",
          "fecha": "2024-12-10"
        },
        {
          "usuario": "profesor@ejemplo.com",
          "alumno": "mariagonzalez",
          "justificativo": "Tenía un compromiso previo",
          "fecha": "2024-12-11"
        }
      ]
    },
    {
      "id": 2,
      "nombre": "Programación de Aplicaciones Móviles",
      "justificaciones": [
        {
          "usuario": "profesor@ejemplo.com",
          "alumno": "pedrolopez",
          "justificativo": "Me encontraba fuera de la ciudad",
          "fecha": "2024-12-10"
        }
      ]
    }
  ]
}